{"cameraMode":{"drawMode":0,"name":"Shaded","section":"Shading Mode"},"sceneLighting":false,"audioPlay":false,"sceneViewState":{"showFog":true,"showMaterialUpdate":false,"showSkybox":false,"showFlares":true,"showImageEffects":true,"showParticleSystems":true},"in2DMode":false,"pivot":{"x":24.032224655151368,"y":1.478508710861206,"z":11.696248054504395},"rotation":{"x":-0.006072258111089468,"y":0.9939278364181519,"z":-0.07799359411001206,"w":-0.07738300412893295},"size":0.3452344536781311,"orthographic":false}